INPUT,FOUND_BY,DTXSID,PREFERRED_NAME
100-51-6,CASRN,DTXSID5020152,Benzyl alcohol
100-55-0,CASRN,DTXSID6023367,Nicotinyl alcohol
100299-08-9,CASRN,DTXSID7046623,Pemirolast potassium
100643-71-8,CASRN,DTXSID1044196,Desloratadine
101-26-8,CASRN,DTXSID9023540,Pyridostigmine bromide
101152-94-7,CASRN,DTXSID4046785,Milnacipran hydrochloride
101827-46-7,CASRN,DTXSID2048589,Butenafine hydrochloride
10238-21-8,CASRN,DTXSID0037237,Glybenclamide
103-90-2,CASRN,DTXSID2020006,Acetaminophen
103177-37-3,CASRN,DTXSID3043782,Pranlukast
10347-81-6,CASRN,DTXSID2044507,Maprotiline hydrochloride
103577-45-3,CASRN,DTXSID4023200,Lansoprazole
10405-02-4,CASRN,DTXSID7023724,Trospium chloride
104227-87-4,CASRN,DTXSID0023038,Famciclovir
104344-23-2,CASRN,DTXSID1045794,Bisoprolol fumarate
104987-11-3,CASRN,DTXSID5046354,Tacrolimus
105816-04-4,CASRN,DTXSID9040687,Nateglinide
106266-06-2,CASRN,DTXSID8045193,Risperidone
106308-44-5,CASRN,DTXSID1046506,Rufinamide
106463-17-6,CASRN,DTXSID2046628,Tamsulosin hydrochloride
106516-24-9,CASRN,DTXSID6048967,Sertindole
106685-40-9,CASRN,DTXSID5046481,Adapalene
1069-66-5,CASRN,DTXSID5037072,Sodium valproate
1070-11-7,CASRN,DTXSID4045345,Ethambutol dihydrochloride
107007-99-8,CASRN,DTXSID7049057,Granisetron hydrochloride
107133-36-8,CASRN,DTXSID1044198,Perindopril erbumine
107724-20-9,CASRN,DTXSID2046094,Eplerenone
107753-78-6,CASRN,DTXSID5023746,Zafirlukast
107868-30-4,CASRN,DTXSID5023037,Exemestane
108929-04-0,CASRN,DTXSID1046502,Epinastine hydrochloride
1095-90-5,CASRN,DTXSID2020501,Methadone hydrochloride
110871-86-8,CASRN,DTXSID9023590,Sparfloxacin
111406-87-2,CASRN,DTXSID9023752,Zileuton
111470-99-6,CASRN,DTXSID2043909,Amlodipine besylate
1115-70-4,CASRN,DTXSID9037246,Metformin hydrochloride
111974-69-7,CASRN,DTXSID9023546,Quetiapine
111974-72-2,CASRN - WARNING: Synonym mapped to two or more chemicals,DTXSID3044201,Quetiapine fumarate
111974-72-2,Integrated Source CAS-RN - WARNING: Synonym mapped to two or more chemicals,DTXSID9023546,Quetiapine
112529-15-4,CASRN,DTXSID3044203,Pioglitazone hydrochloride
112809-51-5,CASRN,DTXSID4023202,"4,4'-(1H-1,2,4-Triazol-1-ylmethylene)dibenzonitrile"
112811-59-3,CASRN,DTXSID5045704,Gatifloxacin
113-52-0,CASRN,DTXSID7040738,Imipramine hydrochloride
113-92-8,CASRN,DTXSID4020321,Chlorpheniramine maleate
1134-47-0,CASRN,DTXSID5022641,Baclofen
113507-06-5,CASRN,DTXSID5037577,Moxidectin
114-07-8,CASRN,DTXSID4022991,Erythromycin
114-85-2,CASRN,DTXSID7048748,Bethanidine sulfate (2:1)
115256-11-6,CASRN,DTXSID5046433,Dofetilide
115436-72-1,CASRN,DTXSID1046132,Risedronate sodium
1156-19-0,CASRN,DTXSID3021358,Tolazamide
115956-13-3,CASRN,DTXSID3046827,Dolasetron mesylate
117467-28-4,CASRN,DTXSID2048743,Cefditorin pivoxil
117976-90-6,CASRN,DTXSID3044205,Rabeprazole sodium
118072-93-8,CASRN,DTXSID0042668,Zoledronate
118292-40-3,CASRN,DTXSID5046691,Tazarotene
1188-38-1,CASRN,DTXSID7046706,N-Carbamyl-L-glutamic acid
119413-54-6,CASRN,DTXSID1045952,Topotecan hydrochloride
1197-18-8,CASRN,DTXSID3045350,Tranexamic acid
120-51-4,CASRN,DTXSID8029153,Benzyl benzoate
120-97-8,CASRN,DTXSID1022922,Dichlorphenamide
120011-70-3,CASRN,DTXSID0046698,Donepezil hydrochloride
120511-73-1,CASRN,DTXSID9022607,Anastrozole
120638-55-3,CASRN,DTXSID8044206,Bromfenac sodium sesquihydrate
121-75-5,CASRN,DTXSID4020791,Malathion
121268-17-5,CASRN,DTXSID7047801,Alendronate sodium
122-11-2,CASRN,DTXSID1023607,Sulfadimethoxine
1225-55-4,CASRN,DTXSID8046951,Protriptyline hydrochloride
1225-60-1,CASRN,DTXSID1046845,Isothipendyl hydrochloride
122647-32-9,CASRN,DTXSID8048652,Ibutilide fumarate
122852-69-1,CASRN,DTXSID8044208,Alosetron hydrochloride
1229-29-4,CASRN,DTXSID8045145,Doxepin hydrochloride
123-99-9,CASRN,DTXSID8021640,Nonanedioic acid
1244-76-4,CASRN,DTXSID5047530,Hydroxyzine hydrochloride
124750-99-8,CASRN,DTXSID3044209,Losartan potassium
124832-27-5,CASRN,DTXSID2044210,Valacyclovir hydrochloride
125-33-7,CASRN,DTXSID7023510,Primidone
125-51-9,CASRN,DTXSID2023480,Pipenzolate bromide
125-52-0,CASRN,DTXSID6045909,Oxyphencyclimine hydrochloride
125-84-8,CASRN,DTXSID8022589,Aminoglutethimide
125317-39-7,CASRN,DTXSID5047825,Vinorelbine tartrate
126-07-8,CASRN,DTXSID8020674,Griseofulvin
1263-89-4,CASRN,DTXSID5047829,Paromomycin sulfate
1264-62-6,CASRN,DTXSID4022993,Erythromycin ethylsuccinate
127-07-1,CASRN,DTXSID6025438,Hydroxyurea
127-18-4,CASRN,DTXSID2021319,Tetrachloroethylene
127-48-0,CASRN,DTXSID9021396,Trimethadione
127-69-5,CASRN,DTXSID6021292,Sulfisoxazole
128794-94-5,CASRN,DTXSID3023340,Mycophenolate mofetil
129101-54-8,CASRN,DTXSID8047840,Rivastigmine tartrate
129453-61-8,CASRN,DTXSID4022369,Fulvestrant
129618-40-2,CASRN,DTXSID7031797,Nevirapine
129722-12-9,CASRN,DTXSID3046083,Aripiprazole
130-26-7,CASRN,DTXSID7022837,Clioquinol
130-37-0,CASRN,DTXSID0040547,Menadione sodium bisulfite
130-61-0,CASRN,DTXSID9049401,Thioridazine hydrochloride
13010-47-4,CASRN,DTXSID2023222,Lomustine
130693-82-2,CASRN,DTXSID1045530,Dorzolamide hydrochloride
130929-57-6,CASRN,DTXSID5046439,Entacapone
131-57-7,CASRN,DTXSID3022405,2-Hydroxy-4-methoxybenzophenone
132-18-3,CASRN,DTXSID7047772,Diphenylpyraline hydrochloride
132-20-7,CASRN,DTXSID0025866,Pheniramine maleate
132-93-4,CASRN,DTXSID5045546,Phenethicillin potassium
132-98-9,CASRN,DTXSID7021102,Penicillin VK
132539-06-1,CASRN,DTXSID9023388,Olanzapine
13292-46-1,CASRN,DTXSID6021244,Rifampicin
133-67-5,CASRN,DTXSID7023699,Trichlormethiazide
133099-07-7,CASRN,DTXSID9046780,Darifenacin hydrobromide
13311-84-7,CASRN,DTXSID7032004,Flutamide
133454-47-4,CASRN,DTXSID6049060,Iloperidone
134-80-5,CASRN,DTXSID4047838,Diethylpropion hydrochloride
134308-13-7,CASRN,DTXSID3023685,Tolcapone
134523-03-8,CASRN,DTXSID6044303,Atorvastatin calcium
134678-17-4,CASRN,DTXSID7023194,Lamivudine
135-07-9,CASRN,DTXSID6023313,Methyclothiazide
135-09-1,CASRN,DTXSID3023132,Hydroflumethiazide
135-23-9,CASRN,DTXSID0020818,Methapyrilene hydrochloride
135062-02-1,CASRN,DTXSID3023552,Repaglinide
13523-86-9,CASRN,DTXSID8023476,Pindolol
13539-59-8,CASRN,DTXSID6045408,Azapropazone
135729-62-3,CASRN,DTXSID8046610,Palonosetron hydrochloride
13609-67-1,CASRN,DTXSID4045896,Hydrocortisone 17-butyrate
13614-98-7,CASRN,DTXSID8044545,Minocycline hydrochloride
136310-93-5,CASRN,DTXSID2044214,Tiotropium bromide
136434-34-9,CASRN,DTXSID9046443,Duloxetine hydrochloride
13647-35-3,CASRN,DTXSID9023706,Trilostane
136790-76-6,CASRN,DTXSID5048639,"(11alpha)-16,16-Difluoro-11-hydroxy-9,15-dioxoprostan-1-oic acid"
137-58-6,CASRN,DTXSID1045166,Lidocaine
137071-32-0,CASRN,DTXSID2046674,Pimecrolimus
137234-62-9,CASRN,DTXSID5046485,Voriconazole
13739-02-1,CASRN,DTXSID4045636,Diacerein
137862-53-4,CASRN,DTXSID6023735,Valsartan
138112-76-2,CASRN,DTXSID3057642,Agomelatine
138402-11-6,CASRN,DTXSID0023169,Irbesartan
138729-47-2,CASRN,DTXSID8046086,Eszopiclone
138786-67-1,CASRN,DTXSID7044215,Pantoprazole sodium
138844-81-2,CASRN,DTXSID8046618,Ibandronate sodium
138890-62-7,CASRN,DTXSID6045531,Brinzolamide
139264-17-8,CASRN,DTXSID8045933,Zolmitriptan
1397-89-3,CASRN,DTXSID9022601,Amphotericin B
14028-44-5,CASRN,DTXSID7022598,Amoxapine
1404-93-9,CASRN,DTXSID3045354,Vancomycin hydrochloride
140462-76-6,CASRN,DTXSID0046486,Olopatadine hydrochloride
1405-10-3,CASRN,DTXSID4041074,Neomycin sulfate
141845-82-1,CASRN,DTXSID9046659,Ciclesonide
142217-69-4,CASRN,DTXSID4046446,Entecavir
142340-99-6,CASRN,DTXSID5046487,Adefovir dipivoxil
143201-11-0,CASRN,DTXSID0046488,Cerivastatin sodium
143388-64-1,CASRN,DTXSID6049064,Naratriptan hydrochloride
143491-57-0,CASRN,DTXSID0040129,Emtricitabine
144-75-2,CASRN,DTXSID9023623,Adesulfone sodium
144-82-1,CASRN,DTXSID5023615,Sulfamethizole
144-83-2,CASRN,DTXSID3026067,Sulfapyridine
144060-53-7,CASRN,DTXSID8048650,Febuxostat
144143-96-4,CASRN,DTXSID7044217,Eprosartan mesylate
144598-75-4,Integrated Source CAS-RN - WARNING: Synonym mapped to two or more chemicals,DTXSID60861376,9R-Paliperidone
144598-75-4,CASRN - WARNING: Synonym mapped to two or more chemicals,DTXSID7049059,Paliperidone
144689-63-4,CASRN,DTXSID9045924,Olmesartan medoxomil
144701-48-4,CASRN,DTXSID8023636,Telmisartan
14484-47-0,CASRN,DTXSID9020378,Deflazacort
145040-37-5,CASRN,DTXSID5020239,Candesartan cilexetil
145821-59-6,CASRN,DTXSID2044218,Tiagabine hydrochloride
14611-52-0,CASRN,DTXSID9044584,Selegiline hydrochloride
14663-23-1,CASRN,DTXSID4044585,Dantrolene sodium
146939-27-7,CASRN,DTXSID4023753,Ziprasidone
147059-75-4,CASRN,DTXSID0045701,Trovafloxacin mesylate
147098-20-2,CASRN,DTXSID9045928,Rosuvastatin calcium
147526-32-7,CASRN,DTXSID4046448,Pitavastatin calcium
147536-97-8,CASRN,DTXSID7046627,Bosentan
1476-53-5,CASRN,DTXSID9023386,Novobiocin sodium
148553-50-8,CASRN,DTXSID1045950,Pregabalin
148849-67-6,CASRN,DTXSID2046913,Ivabradine hydrochloride
149647-78-9,CASRN,DTXSID6041133,Vorinostat
14976-57-9,CASRN,DTXSID6047785,Clemastine fumarate
149845-06-7,CASRN,DTXSID9023835,Saquinavir mesylate
149845-07-8,CASRN,DTXSID1048621,Tiludronate disodium
1501-84-4,CASRN,DTXSID1047813,Rimantadine hydrochloride
150683-30-0,CASRN,DTXSID3048780,Tolvaptan
1508-65-2,CASRN,DTXSID3045356,Oxybutynin hydrochloride
151-06-4,CASRN,DTXSID1047815,Chlorphentermine hydrochloride
151-73-5,CASRN,DTXSID8047137,Betamethasone 21-phosphate disodium
151319-34-5,CASRN,DTXSID5023748,Zaleplon
151767-02-1,CASRN,DTXSID8046450,Montelukast sodium
152-11-4,CASRN,DTXSID2034095,Verapamil hydrochloride
152751-57-0,CASRN,DTXSID0048630,Sevelamer hydrochloride
15307-79-6,CASRN,DTXSID3037208,Diclofenac sodium
15307-86-5,CASRN,DTXSID6022923,Diclofenac
153439-40-8,CASRN,DTXSID5048716,Fexofenadine hydrochloride
153559-49-0,CASRN,DTXSID1040619,Bexarotene
154-42-7,CASRN,DTXSID6023652,6-Thioguanine
154229-18-2,CASRN,DTXSID3049043,Abiraterone acetate
154361-50-9,CASRN,DTXSID3046451,Capecitabine
154598-52-4,CASRN,DTXSID9046029,Efavirenz
155141-29-0,CASRN,DTXSID2023569,Rosiglitazone maleate
155213-67-5,CASRN,DTXSID1048627,Ritonavir
155270-99-8,CASRN,DTXSID7057652,Istradefylline
15574-96-6,CASRN,DTXSID6023490,Pizotyline
156-57-0,CASRN,DTXSID8045779,Cysteamine hydrochloride
15622-65-8,CASRN,DTXSID5045417,"Indol-4(5H)-one, 3-ethyl-6,7-dihydro-2-methyl-5-(morpholinomethyl)-, monohydrochloride"
15686-71-2,CASRN,DTXSID9022780,Cephalexin
15687-27-1,CASRN,DTXSID5020732,Ibuprofen
157810-81-6,CASRN,DTXSID1044221,Indinavir sulfate
15826-37-6,CASRN,DTXSID7044554,Cromolyn sodium
159351-69-6,CASRN,DTXSID0040599,Everolimus
159989-65-8,CASRN,DTXSID2033736,Nelfinavir mesylate
16051-77-7,CASRN,DTXSID9023176,Isosorbide 5-mononitrate
161735-79-1,CASRN,DTXSID8047848,Rasagiline mesylate
161814-49-9,CASRN,DTXSID5046061,Amprenavir
161967-81-3,CASRN,DTXSID0046692,Grepafloxacin hydrochloride
1620-21-9,CASRN,DTXSID7045360,Chlorcyclizine hydrochloride
162011-90-7,CASRN,DTXSID2023567,Rofecoxib
162635-04-3,CASRN,DTXSID2040945,Temsirolimus
163222-33-1,CASRN,DTXSID1044223,Ezetimibe
1634-04-4,CASRN,DTXSID3020833,Methyl tert-butyl ether
164656-23-9,CASRN,DTXSID8046452,Dutasteride
165800-03-3,CASRN,DTXSID5046489,Linezolid
16590-41-3,CASRN,DTXSID4046313,Naltrexone
16595-80-5,CASRN,DTXSID7047518,Levamisole hydrochloride
1665-48-1,CASRN,DTXSID3023269,Metaxalone
168273-06-1,CASRN,DTXSID3046453,Rimonabant
1684-40-8,CASRN,DTXSID1026112,"1,2,3,4-Tetrahydro-9-acridinamine hydrochloride"
169590-42-5,CASRN,DTXSID0022777,Celecoxib
1707-14-8,CASRN,DTXSID0047822,Phenmetrazine hydrochloride
170729-80-3,CASRN,DTXSID3049047,Aprepitant
171228-49-2,CASRN,DTXSID6049066,Posaconazole
171596-29-5,CASRN,DTXSID9046786,Tadalafil
171599-83-0,CASRN,DTXSID4046076,Sildenafil citrate
1716-12-7,CASRN,DTXSID7040948,Sodium 4-phenylbutyrate
17230-88-5,CASRN,DTXSID2022880,Danazol
17321-77-6,CASRN,DTXSID3042633,Clomipramine hydrochloride
1744-22-5,CASRN,DTXSID3045192,6-(Trifluoromethoxy)-2-Benzothiazolamine
174484-41-4,CASRN,DTXSID6048622,Tipranavir
175481-36-4,CASRN,DTXSID1057666,Lacosamide
17560-51-9,CASRN,DTXSID6045167,Metolazone
175865-59-5,CASRN,DTXSID9046784,Valganciclovir hydrochloride
177036-94-1,CASRN,DTXSID4046282,Ambrisentan
181695-72-7,CASRN,DTXSID6044226,Valdecoxib
184475-35-2,CASRN,DTXSID8041034,Gefitinib
18559-94-9,CASRN,DTXSID5021255,Albuterol
1867-66-9,CASRN,DTXSID4040137,Ketamine hydrochloride
186826-86-8,CASRN,DTXSID4045921,Moxifloxacin hydrochloride
189188-57-6,CASRN,DTXSID50904761,Tegaserod maleate
191114-48-4,CASRN,DTXSID3046455,Telithromycin
19171-19-8,CASRN,DTXSID40893458,Pomalidomide
191732-72-6,CASRN,DTXSID8046664,Lenalidomide
192939-46-1,CASRN,DTXSID5049075,Ximelagatran
19356-17-3,CASRN,DTXSID0022721,Calcifediol
19387-91-8,CASRN,DTXSID4023676,Tinidazole
1953-02-2,CASRN,DTXSID4023678,Tiopronin
196597-26-9,CASRN,DTXSID6045951,Ramelteon
1972-08-3,CASRN,DTXSID6021327,Tetrahydrocannabinol
19767-45-4,CASRN,DTXSID1020809,Sodium 2-mercaptoethanesulfonate
19774-82-4,CASRN,DTXSID7037185,Amiodarone hydrochloride
198481-33-3,CASRN,DTXSID3048657,Bazedoxifene acetate
201530-41-8,CASRN,DTXSID1048596,Deferasirox
2016-88-8,CASRN,DTXSID2024452,Amiloride hydrochloride
202138-50-9,CASRN,DTXSID5050426,Tenofovir disoproxil fumarate
2022-85-7,CASRN,DTXSID3023059,Flucytosine
2030-63-9,CASRN,DTXSID7022839,Clofazimine
2058-46-0,CASRN,DTXSID5021097,Oxytetracycline hydrochloride
2062-78-4,CASRN,DTXSID8023474,"1-(1-(4,4-bis(4-fluorophenyl)butyl)-4-piperidinyl)-1,3-dihydro-2H-Benzimidazol-2-one"
20830-75-5,CASRN,DTXSID5022934,Digoxin
210353-53-0,CASRN,DTXSID7045948,Gemifloxacin mesylate
21256-18-8,CASRN,DTXSID1045118,Oxaprozin
21462-39-5,CASRN,DTXSID4045428,Clindamycin hydrochloride
2152-34-3,CASRN,DTXSID3023427,Pemoline
21829-25-4,CASRN,DTXSID2025715,Nifedipine
219861-08-2,CASRN,DTXSID1046003,Escitalopram oxalate
220127-57-1,CASRN,DTXSID9040502,Imatinib mesylate
22071-15-4,CASRN,DTXSID6020771,Ketoprofen
22131-79-9,CASRN,DTXSID4020038,Alclofenac
22195-34-2,CASRN,DTXSID8045432,Guanadrel sulfate
22204-53-1,CASRN,DTXSID4040686,Naproxen
22232-54-8,CASRN,DTXSID9022736,Carbimazole
22260-51-1,CASRN,DTXSID6020197,Bromocriptine mesylate
22316-47-8,CASRN,DTXSID2046759,Clobazam
22494-42-4,CASRN,DTXSID5022932,Diflunisal
226700-81-8,CASRN,DTXSID0046777,Fosamprenavir calcium
22916-47-8,CASRN,DTXSID6023319,Miconazole
22994-85-0,CASRN,DTXSID9046570,Benznidazole
23031-32-5,CASRN,DTXSID3045437,Terbutaline hemisulfate
23239-51-2,CASRN,DTXSID8045438,Ritodrine hydrochloride
23256-30-6,CASRN,DTXSID3045439,Nifurtimox
23593-75-1,CASRN,DTXSID7029871,Clotrimazole
23651-95-8,CASRN,DTXSID6046422,Droxidopa
2391-03-9,CASRN,DTXSID6047818,Dexbrompheniramine maleate
24280-93-1,CASRN,DTXSID4041070,Mycophenolic acid
24526-64-5,CASRN,DTXSID0023377,Nomifensine
24729-96-2,CASRN,DTXSID1048677,Clindamycin phosphate
24815-24-5,CASRN,DTXSID3023554,Rescinnamine
25122-46-7,CASRN,DTXSID6045907,Clobetasol propionate
25316-40-9,CASRN,DTXSID3030636,Adriamycin hydrochloride
25332-39-2,CASRN,DTXSID8044626,Trazodone hydrochloride
25451-15-4,CASRN,DTXSID9023041,Felbamate
25717-80-0,CASRN,DTXSID0045171,Molsidomine
25812-30-0,CASRN,DTXSID0020652,Gemfibrozil
26027-38-3,Integrated Source CAS-RN - WARNING: Synonym mapped to two or more chemicals,DTXSID00858720,"26-(4-Nonylphenoxy)-3,6,9,12,15,18,21,24-octaoxahexacosan-1-ol"
26027-38-3,CASRN - WARNING: Synonym mapped to two or more chemicals,DTXSID2036588,"Glycols, polyethylene, mono(p-nonylphenyl) ether"
2610-86-8,CASRN,DTXSID5042324,Potassium warfarin
26159-34-2,CASRN,DTXSID7045576,Naproxen sodium
2624-43-3,CASRN,DTXSID4022866,Cyclofenil
26787-78-0,CASRN,DTXSID3037044,Amoxicillin
26807-65-8,CASRN,DTXSID7044633,Indapamide
26839-75-8,CASRN,DTXSID4023674,(S)-Timolol
26921-17-5,CASRN,DTXSID3047504,Timolol maleate salt
27833-64-3,CASRN,DTXSID3045227,Loxapine succinate
27912-14-7,CASRN,DTXSID6020777,Levobunolol hydrochloride
28395-03-1,CASRN,DTXSID5022699,Bumetanide
28657-80-9,CASRN,DTXSID8022822,Cinoxacin
28721-07-5,CASRN,DTXSID0045703,Oxcarbazepine
28981-97-7,CASRN,DTXSID4022577,Alprazolam
29094-61-9,CASRN,DTXSID0040676,Glipizide
29110-48-3,CASRN,DTXSID2045157,Guanfacine hydrochloride
29122-68-7,CASRN,DTXSID2022628,Atenolol
2955-38-6,CASRN,DTXSID4021181,Prazepam
29560-58-5,CASRN,DTXSID1047786,Moricizine hydrochloride
298-46-4,CASRN,DTXSID4022731,Carbamazepine
298-57-7,CASRN - WARNING: Synonym mapped to two or more chemicals,DTXSID3022821,Cinnarizine
298-57-7,Integrated Source CAS-RN - WARNING: Synonym mapped to two or more chemicals,DTXSID80859311,1-(Diphenylmethyl)-4-[(2E)-3-phenylprop-2-en-1-yl]piperazine
298-59-9,CASRN,DTXSID8020886,Methylphenidate hydrochloride
298-81-7,CASRN,DTXSID8020830,8-Methoxypsoralen
29975-16-4,CASRN,DTXSID5020572,Estazolam
302-79-4,CASRN,DTXSID7021239,Retinoic acid
302962-49-8,CASRN,DTXSID4040979,Dasatinib
303-25-3,CASRN,DTXSID2047773,Cyclizine hydrochloride
304-20-1,CASRN,DTXSID1044645,Hydralazine hydrochloride
30516-87-1,CASRN,DTXSID8020127,3'-Azido-3'-deoxythymidine
3056-17-5,CASRN,DTXSID1023819,Stavudine
306-21-8,CASRN,DTXSID0045961,Hydroxyamphetamine hydrobromide
30652-11-0,CASRN,DTXSID6040666,Deferiprone
30748-29-9,CASRN,DTXSID3023051,Feprazone
31431-39-7,CASRN,DTXSID4040682,Mebendazole
315-30-0,CASRN,DTXSID4022573,Allopurinol
31677-93-7,CASRN,DTXSID6044561,Bupropion hydrochloride
318-98-9,CASRN,DTXSID3021198,Propranolol hydrochloride
319460-85-0,CASRN,DTXSID3049049,Axitinib
320-67-2,CASRN,DTXSID9020116,5-Azacytidine
32780-64-6,CASRN,DTXSID0044654,Labetalol hydrochloride
33286-22-5,CASRN,DTXSID8040147,Diltiazem hydrochloride
333-20-0,CASRN,DTXSID7029619,Potassium thiocyanate
33419-42-0,CASRN,DTXSID5023035,Etoposide
33564-31-7,CASRN,DTXSID8045646,Diflorasone diacetate
33643-47-9,CASRN,DTXSID601027734,Esketamine hydrochloride
3366-95-8,CASRN,DTXSID3045934,Secnidazole
3385-03-3,CASRN,DTXSID1045534,Flunisolide
339-43-5,CASRN,DTXSID8022741,Carbutamide
34031-32-8,CASRN,DTXSID4020115,Auranofin
341-69-5,CASRN,DTXSID5025815,Orphenadrine hydrochloride
341031-54-7,CASRN,DTXSID4046492,Sunitinib malate
34381-68-5,CASRN,DTXSID5045461,Acebutolol hydrochloride
34552-83-5,CASRN - WARNING: Synonym mapped to two or more chemicals,DTXSID00880006,"4-(4-Chlorophenyl)-4-hydroxy-N,N-dimethyl-alpha,alpha-diphenylpiperidine-1-butyramide monohydrochloride"
34552-83-5,Integrated Source CAS-RN - WARNING: Synonym mapped to two or more chemicals,DTXSID6045165,Loperamide
3505-38-2,CASRN,DTXSID0047828,Carbinoxamine maleate
3521-62-8,CASRN,DTXSID1037224,Erythromycin estolate
35554-44-0,CASRN,DTXSID8024151,Imazalil
35604-67-2,CASRN,DTXSID8057722,Viloxazine hydrochloride
3562-84-3,CASRN,DTXSID4022652,Benzbromarone
36167-63-2,CASRN,DTXSID0045464,Halofantrine hydrochloride
36282-47-0,CASRN,DTXSID7023691,Tramadol hydrochloride
36322-90-4,CASRN,DTXSID5021170,Piroxicam
364-98-7,CASRN,DTXSID7022914,Diazoxide
364782-34-3,CASRN,DTXSID3046792,Cinacalcet hydrochloride
36589-58-9,CASRN,DTXSID9046732,"Disodium propane-1,3-disulfonate"
366-70-1,CASRN,DTXSID3021190,Procarbazine hydrochloride
366789-02-8,CASRN,DTXSID3057723,Rivaroxaban
36791-04-5,CASRN,DTXSID8023557,Ribavirin
37148-27-9,CASRN,DTXSID7022833,Clenbuterol
3717-88-2,CASRN,DTXSID1047784,Flavoxate hydrochloride
375815-87-5,CASRN,DTXSID0049072,Varenicline tartrate
376348-65-1,CASRN,DTXSID8048949,Maraviroc
37661-08-8,CASRN,DTXSID0045466,Bacampicillin hydrochloride
378-44-9,CASRN,DTXSID3022667,Betamethasone
379-79-3,CASRN,DTXSID3025253,Ergotamine D-tartrate
3810-74-0,Integrated Source CAS-RN - WARNING: Synonym mapped to two or more chemicals,DTXSID4023597,Streptomycin A
3810-74-0,CASRN - WARNING: Synonym mapped to two or more chemicals,DTXSID9026053,Streptomycin sulfate (2:3)
382-67-2,CASRN,DTXSID3045647,Desoximetasone
38304-91-5,CASRN,DTXSID9040685,Minoxidil
38398-32-2,CASRN,DTXSID6046503,Ganaxolone
38821-53-3,CASRN,DTXSID4022785,Cephradine
389-08-2,CASRN,DTXSID3020912,Nalidixic acid
389574-19-0,CASRN,DTXSID1049067,Prasugrel hydrochloride
39562-70-4,CASRN,DTXSID0023373,Nitrendipine
40828-46-4,CASRN,DTXSID5045469,Suprofen
41340-25-4,CASRN,DTXSID9020615,Etodolac
41372-20-7,CASRN,DTXSID0048185,Apomorphine hydrochloride
41859-67-0,CASRN,DTXSID3029869,Bezafibrate
4205-90-7,CASRN,DTXSID6022846,Clonidine
42200-33-9,CASRN,DTXSID3023342,Nadolol
4245-41-4,CASRN,DTXSID7045867,Estradiol acetate
4291-63-8,CASRN,DTXSID8022828,Cladribine
42924-53-8,CASRN,DTXSID4045472,Nabumetone
43218-56-0,CASRN,DTXSID1047493,Midodrine hydrochloride
43229-80-7,CASRN,DTXSID5044239,Formoterol hemifumarate
434-03-7,CASRN,DTXSID2023016,Ethisterone
4342-03-4,CASRN,DTXSID0020369,Dacarbazine
437-38-7,CASRN,DTXSID9023049,Fentanyl
438-41-5,CASRN,DTXSID40880060,Chlordiazepoxide hydrochloride
439-14-5,CASRN,DTXSID4020406,Diazepam
440-17-5,CASRN,DTXSID1045085,Trifluoperazine dihydrochloride
443-48-1,CASRN,DTXSID2020892,Metronidazole
443913-73-3,CASRN,DTXSID1046681,Vandetanib
446-86-6,CASRN,DTXSID4020119,Azathioprine
452-35-7,CASRN,DTXSID1023021,Ethoxzolamide
456-59-7,CASRN,DTXSID4022862,Cyclandelate
4618-18-2,CASRN,DTXSID5045833,Lactulose
471-53-4,CASRN,DTXSID9020669,Glycyrrhetinic acid
474-25-9,CASRN,DTXSID2020260,Chenodeoxycholic acid
475207-59-1,CASRN,DTXSID9047839,Sorafenib tosylate
4759-48-2,CASRN,DTXSID4023177,13-cis Retinoic acid
476-66-4,CASRN,DTXSID2020557,Ellagic acid
490-55-1,CASRN,DTXSID7046388,Amiphenazole
49562-28-9,CASRN,DTXSID2029874,Fenofibrate
49763-96-4,CASRN,DTXSID6049068,Stiripentol
50-02-2,CASRN,DTXSID3020384,Dexamethasone
50-04-4,CASRN,DTXSID0022858,Cortisone acetate
50-06-6,CASRN,DTXSID5021122,Phenobarbital
50-07-7,CASRN,DTXSID2020898,Mitomycin C
50-18-0,CASRN,DTXSID5020364,Cyclophosphamide
50-23-7,CASRN,DTXSID7020714,Hydrocortisone
50-24-8,CASRN,DTXSID9021184,Prednisolone
50-27-1,CASRN,DTXSID9022366,Estriol
50-28-2,CASRN,DTXSID0020573,17beta-Estradiol
50-33-9,CASRN,DTXSID9021136,"4-Butyl-1,2-diphenyl-3,5-Pyrazolidinedione"
50-34-0,CASRN,DTXSID2023519,Propantheline bromide
50-35-1,CASRN,DTXSID9022524,Thalidomide
50-41-9,CASRN,DTXSID8020337,Clomiphene citrate (1:1)
50-44-2,CASRN,DTXSID0020810,6-Mercaptopurine
50-55-5,CASRN,DTXSID7021237,Reserpine
50-60-2,CASRN,DTXSID4023462,Phentolamine
50-78-2,CASRN,DTXSID5020108,Aspirin
50-81-7,CASRN,DTXSID5020106,L-Ascorbic acid
502-85-2,CASRN,DTXSID3048940,Sodium Oxybate
50370-12-2,CASRN,DTXSID8022749,Cefadroxil
504-24-5,CASRN,DTXSID0023870,4-Aminopyridine
50679-08-8,CASRN,DTXSID2023642,Terfenadine
50924-49-7,CASRN,DTXSID8045777,5-Hydroxy-1-beta-D-ribofuranosylimidazole-4-carboxamide
51-21-8,CASRN,DTXSID2020634,5-Fluorouracil
51-48-9,CASRN,DTXSID8023214,Levothyroxine
51-52-5,CASRN,DTXSID5021209,6-Propyl-2-thiouracil
51-63-8,CASRN,DTXSID2057865,Dextroamphetamine sulfate
51037-30-0,CASRN,DTXSID2046202,Acipimox
5104-49-4,CASRN,DTXSID0037231,Flurbiprofen
51333-22-3,CASRN,DTXSID8020202,Budesonide
51384-51-1,CASRN,DTXSID2023309,Metoprolol
514-73-8,CASRN,DTXSID8022955,Dithiazanine iodide
51481-61-9,CASRN,DTXSID4020329,Cimetidine
51773-92-3,CASRN,DTXSID1047819,Mefloquine hydrochloride
51781-21-6,CASRN,DTXSID4045478,Carteolol hydrochloride
51803-78-2,CASRN,DTXSID3037250,Nimesulide
52-01-7,CASRN,DTXSID6034186,Spironolactone
52-21-1,CASRN,DTXSID3023502,Prednisolone acetate
52-49-3,CASRN,DTXSID8045802,Trihexyphenidyl hydrochloride
52-67-5,CASRN,DTXSID6037069,D-Penicillamine
52-68-6,CASRN,DTXSID0021389,Trichlorfon
52-86-8,CASRN,DTXSID4034150,Haloperidol
52645-53-1,CASRN,DTXSID8022292,Permethrin
53-03-2,CASRN,DTXSID4021185,Prednisone
53-06-5,CASRN,DTXSID5022857,Cortisone
53-19-0,CASRN,DTXSID9020372,"1-(2-Chlorophenyl)-1-(4-chlorophenyl)-2,2-dichloroethane"
53-21-4,CASRN,DTXSID2048903,(-)-Cocaine hydrochloride
53-43-0,CASRN,DTXSID4020379,Dehydroepiandrosterone
53-46-3,CASRN,DTXSID7023277,Methantheline bromide
53-86-1,CASRN,DTXSID9020740,1-(p-Chlorobenzoyl)-5-methoxy-2-methyl-Indole-3-acetic acid
530-43-8,CASRN,DTXSID9048699,Chloramphenicol palmitate
5300-03-8,CASRN,DTXSID6040404,9-cis- Retinoic acid
53123-88-9,CASRN,DTXSID5023582,Sirolimus
53152-21-9,CASRN,DTXSID2048905,Buprenorphine hydrochloride
53179-13-8,CASRN,DTXSID4045183,5-methyl-1-phenyl-2(1H)-Pyridone
536-33-4,CASRN,DTXSID0020577,Ethionamide
5370-01-4,CASRN,DTXSID2045783,"1-Methyl-2-(2,6-xylyloxy)ethylammonium chloride"
53902-12-8,CASRN,DTXSID7023693,"N-(3′,4′-Dimethoxycinnamoyl)anthranilic acid"
53994-73-3,CASRN,DTXSID3022748,Cefaclor
54-11-5,CASRN,DTXSID1020930,(-)-Nicotine
54-36-4,CASRN,DTXSID1023314,Metyrapone
54-85-3,CASRN,DTXSID8020755,Isoniazid
54143-56-5,CASRN,DTXSID8020626,Flecainide acetate
54182-58-0,CASRN,DTXSID1048966,Sucrose octasulfate-aluminum complex
54350-48-0,CASRN,DTXSID0023036,Etretinate
5451-09-2,CASRN,DTXSID5045914,Aminolevulinic acid hydrochloride
54527-84-3,CASRN,DTXSID9046992,Nicardipine hydrochloride
54573-75-0,CASRN,DTXSID1034214,1-Hydroxyvitamin D2
546-88-3,CASRN,DTXSID7022546,Acetohydroxamic acid
548-00-5,CASRN,DTXSID3057771,Ethyl biscoumacetate
549-18-8,CASRN,DTXSID9033187,Amitriptyline hydrochloride
54965-21-8,CASRN,DTXSID0022563,Albendazole
54965-24-1,CASRN,DTXSID8021301,Tamoxifen citrate
55-06-1,CASRN,DTXSID8047505,"3,5,3′-Triiodo-L-thyronine monosodium salt"
55-48-1,CASRN,DTXSID3049419,Atropine sulfate anhydrous (2:1) salt
55-98-1,CASRN,DTXSID3020910,Busulfan
55079-83-9,CASRN,DTXSID6022553,Acitretin
552-94-3,CASRN,DTXSID1023572,Salsalate
55268-74-1,CASRN,DTXSID9021182,Praziquantel
5534-09-8,CASRN,DTXSID3048730,Beclazone
555-30-6,CASRN,DTXSID5023295,(-)-Methyldopa
557-34-6,CASRN,DTXSID8038770,Zinc acetate
5593-20-4,CASRN,DTXSID2022672,Betamethasone dipropionate
55981-09-4,CASRN,DTXSID5033757,Nitazoxanide
56-47-3,CASRN,DTXSID6022894,Deoxycorticosterone acetate
56-53-1,CASRN,DTXSID3020465,Diethylstilbestrol
56180-94-0,CASRN,DTXSID8046034,Acarbose
56211-40-6,CASRN,DTXSID2023690,Torsemide
56296-78-7,CASRN,DTXSID7020635,Fluoxetine hydrochloride
5630-53-5,CASRN,DTXSID5023667,Tibolone
5634-42-4,CASRN,DTXSID8057778,Tocamphyl
56392-17-7,CASRN,DTXSID9037248,Metoprolol tartrate
56741-95-8,CASRN,DTXSID5046803,Bropirimine
57-41-0,CASRN,DTXSID8020541,"5,5-Diphenylhydantoin"
57-63-6,CASRN,DTXSID5020576,17alpha-Ethinylestradiol
57-66-9,CASRN,DTXSID9021188,Probenecid
57-83-0,CASRN,DTXSID3022370,Progesterone
57808-66-9,CASRN,DTXSID1045116,Domperidone
5786-21-0,CASRN,DTXSID5022855,Clozapine
58-18-4,CASRN,DTXSID1033664,17-Methyltestosterone
58-27-5,CASRN,DTXSID4021715,Menadione
58-28-6,CASRN,DTXSID9046942,Desipramine hydrochloride
58-32-2,CASRN,DTXSID6040668,Dipyridamole
58-33-3,CASRN,DTXSID3021192,Promethazine hydrochloride
58-46-8,CASRN,DTXSID0042614,Tetrabenazine
58-54-8,CASRN,DTXSID3025257,Ethacrynic acid
58-55-9,CASRN,DTXSID5021336,Theophylline
58-93-5,CASRN,DTXSID2020713,Hydrochlorothiazide
58-95-7,CASRN,DTXSID1031096,D-alpha-Tocopheryl acetate
58066-85-6,CASRN,DTXSID7045942,Miltefosine
58186-27-9,CASRN,DTXSID0040678,Idebenone
585-86-4,CASRN,DTXSID9044247,Lactitol
58579-51-4,CASRN,DTXSID0046725,Anagrelide hydrochloride
59-02-9,CASRN,DTXSID0026339,alpha-Vitamin E
59-05-2,CASRN,DTXSID4020822,Methotrexate
59-63-2,CASRN,DTXSID4023171,Isocarboxazid
59-67-6,CASRN,DTXSID1020932,Nicotinic acid
59-87-0,CASRN,DTXSID5020944,Nitrofurazone
59-92-7,CASRN,DTXSID9023209,Levodopa
5908-99-6,CASRN,DTXSID3040724,Atropine sulfate monohydrate
59122-46-2,CASRN,DTXSID7020897,Misoprostol
59277-89-3,CASRN,DTXSID1022556,Acyclovir
59467-96-8,CASRN,DTXSID8047846,Midazolam hydrochloride
595-33-5,CASRN,DTXSID9040683,Megestrol acetate
596-51-0,CASRN,DTXSID6023109,Glycopyrrolate bromide
59865-13-3,CASRN,DTXSID0020365,Cyclosporin A
599-79-1,CASRN,DTXSID0021256,Sulfasalazine
60-56-0,CASRN,DTXSID4020820,Methimazole
60-89-9,CASRN,DTXSID2046177,Pecazine
60142-96-3,CASRN,DTXSID0020074,Gabapentin
604-75-1,CASRN,DTXSID1021087,Oxazepam
6054-98-4,CASRN,DTXSID3046796,Olsalazine sodium
6055-19-2,CASRN,DTXSID6024888,Cyclophosphamide monohydrate
61-68-7,CASRN,DTXSID5023243,Mefenamic acid
61-73-4,CASRN,DTXSID0023296,Methylene blue
61-75-6,CASRN,DTXSID1022685,Bretylium tosylate
61-76-7,CASRN,DTXSID3021142,(-)-Phenylephrine hydrochloride
61318-91-0,CASRN,DTXSID2045490,Sulconazole nitrate
61337-67-5,CASRN,DTXSID0023325,Mirtazapine
61379-65-5,CASRN,DTXSID8041115,Rifapentine
614-39-1,CASRN,DTXSID2049422,Procainamide hydrochloride
616-91-1,CASRN,DTXSID5020021,N-Acetyl-L-cysteine
62013-04-1,CASRN,DTXSID7048956,Dirithromycin
6202-23-9,CASRN,DTXSID2045105,Cyclobenzaprine hydrochloride
62288-83-9,CASRN,DTXSID4046864,Desmopressin acetate
62571-86-2,CASRN,DTXSID1037197,Captopril
63-45-6,CASRN,DTXSID6045248,Primaquine diphosphate
63-92-3,CASRN,DTXSID0021127,Phenoxybenzamine hydrochloride
630-93-3,CASRN,DTXSID2023775,Diphenylhydantoin sodium
63074-08-8,CASRN,DTXSID7045493,Terazosin hydrochloride
63585-09-1,CASRN,DTXSID6023078,Foscarnet trisodium
63612-50-0,CASRN,DTXSID3034165,"5,5-Dimethyl-3-(alpha,alpha,alpha-trifluoro-4-nitro-m-tolyl)hydantoin"
63675-72-9,CASRN,DTXSID0023371,Nisoldipine
637-07-0,CASRN,DTXSID3020336,Clofibrate
637-32-1,CASRN,DTXSID7047776,Proguanil hydrochloride
638-94-8,CASRN,DTXSID7046756,Desonide
6385-02-0,CASRN,DTXSID8045567,"Sodium 2-((2,6-dichloro-3-methylphenyl)amino)benzoate"
63968-64-9,CASRN,DTXSID2040652,Artemisinin
64-17-5,CASRN,DTXSID9020584,Ethanol
64-73-3,CASRN,DTXSID0045252,Demeclocycline hydrochloride
64-77-7,CASRN,DTXSID8021359,Tolbutamide
64-86-8,CASRN,DTXSID5024845,Colchicine
64019-93-8,CASRN,DTXSID2045494,Dipivefrin hydrochloride
64211-46-7,CASRN,DTXSID2045943,Oxiconazole nitrate
64490-92-2,CASRN,DTXSID5045594,Tolmetin sodium dihydrate
645-05-6,CASRN,DTXSID4022579,Hexamethylmelamine
6452-73-9,CASRN,DTXSID5021093,Oxprenolol hydrochloride
64872-77-1,CASRN,DTXSID6045452,Butoconazole nitrate
65002-17-7,CASRN,DTXSID2048587,Bucillamine
65277-42-1,CASRN,DTXSID7029879,Ketoconazole
65473-14-5,CASRN,DTXSID2045496,Naftifine hydrochloride
65899-73-2,CASRN,DTXSID3046619,Tioconazole
66-75-1,CASRN,DTXSID8026270,Uracil mustard
66085-59-4,CASRN,DTXSID5023370,Nimodipine
661-19-8,CASRN,DTXSID4027286,1-Docosanol
66104-23-2,CASRN,DTXSID6040583,Pergolide methanesulfonate
66734-13-2,CASRN,DTXSID6045535,Alclometasone dipropionate
66852-54-8,CASRN,DTXSID6046636,Halobetasol propionate
67-20-9,CASRN,DTXSID7020972,Nitrofurantoin
67-66-3,CASRN,DTXSID1020306,Chloroform
6700-34-1,CASRN,DTXSID8045569,Dextromethorphan hydrobromide monohydrate
672-87-7,CASRN,DTXSID6023315,Metyrosine
67392-87-4,CASRN,DTXSID7046465,Drospirenone
67915-31-5,CASRN,DTXSID2045498,Terconazole
68-35-9,CASRN,DTXSID7044130,Sulfadiazine
68-41-7,CASRN,DTXSID8022870,Cycloserine
68291-97-4,CASRN,DTXSID9046023,Zonisamide
68302-57-8,CASRN,DTXSID2022595,Amlenanox
68506-86-5,CASRN,DTXSID4041153,4-Amino-5-hexenoic acid
68693-11-8,CASRN,DTXSID0023329,Modafinil
68767-14-6,CASRN,DTXSID1045164,Loxoprofen
68786-66-3,CASRN,DTXSID7043952,Triclabendazole
68844-77-9,CASRN,DTXSID9020110,Astemizole
69-09-0,CASRN,DTXSID7024827,Chlorpromazine hydrochloride
69-53-4,CASRN,DTXSID4022602,Ampicillin
69056-38-8,CASRN,DTXSID0040620,Sapropterin dihydrochloride
69655-05-6,CASRN,DTXSID6022927,Didanosine
70-07-5,CASRN,DTXSID9023255,Mephenoxalone
70-30-4,CASRN,DTXSID6020690,Hexachlorophene
70356-09-1,CASRN,DTXSID9044829,"1-(4-tert-Butylphenyl)-3-(4-methoxyphenyl)propane-1,3-dione"
70458-96-7,CASRN,DTXSID7037680,Norfloxacin
71-58-9,CASRN,DTXSID0025527,Medroxyprogesterone acetate
71125-38-7,CASRN,DTXSID1020803,Meloxicam
71320-77-9,CASRN,DTXSID9040554,Moclobemide
71675-85-9,CASRN,DTXSID5042613,Amisulpride
71720-56-4,CASRN,DTXSID6045587,Fenoprofen calcium salt dihydrate
71963-77-4,CASRN,DTXSID7040651,Artemether
72-63-9,CASRN,DTXSID2023276,Methandrostenolone
723-46-6,CASRN,DTXSID8026064,Sulfamethoxazole
7235-40-7,CASRN,DTXSID3020253,beta-Carotene
72432-03-2,CASRN,DTXSID0023323,Miglitol
72509-76-3,CASRN,DTXSID4023042,Felodipine
72559-06-9,CASRN,DTXSID0033960,Rifabutin
72599-27-0,CASRN,DTXSID6045618,Miglustat
7280-37-7,CASRN,DTXSID3023005,Estropipate
72822-13-0,CASRN,DTXSID7048669,Dapiprazole hydrochloride
73-31-4,CASRN,DTXSID1022421,Melatonin
73218-79-8,CASRN,DTXSID6045749,Apraclonidine hydrochloride
73590-58-6,CASRN,DTXSID6021080,Omeprazole
738-70-5,CASRN,DTXSID3023712,Trimethoprim
73803-48-2,CASRN,DTXSID2057817,Tripamide
73816-42-9,CASRN,DTXSID5045596,Meclocycline sulfosalicylate
73963-72-1,CASRN,DTXSID9045132,Cilostazol
74011-58-8,CASRN,DTXSID5022984,Enoxacin
74103-07-4,CASRN,DTXSID0045597,Ketorolac tromethamine
7414-83-7,CASRN,DTXSID1029671,Etidronate disodium
74381-53-6,CASRN,DTXSID7049009,Leuprolide acetate
7481-89-2,CASRN,DTXSID0023747,"2',3'-Dideoxycytidine"
7491-74-9,CASRN,DTXSID5044491,2-Oxo-1-Pyrrolidineacetamide
75330-75-5,CASRN,DTXSID5020784,Lovastatin
75695-93-1,CASRN,DTXSID4023179,Isradipine
75706-12-6,CASRN,DTXSID9023201,Leflunomide
76-25-5,CASRN,DTXSID6021371,Triamcinolone acetonide
7632-00-0,CASRN,DTXSID0020941,Sodium nitrite
76420-72-9,CASRN,DTXSID0048975,Enalapril acid
76568-02-0,CASRN,DTXSID1048833,Flosequinan
7681-49-4,CASRN,DTXSID2020630,Sodium fluoride
7681-93-8,CASRN,DTXSID6021163,Natamycin
76824-35-6,CASRN,DTXSID5023039,Famotidine
76963-41-2,CASRN,DTXSID5023376,Nizatidine
77-36-1,CASRN,DTXSID4022812,Chlorthalidone
7720-78-7,CASRN,DTXSID0029688,Iron(II) sulfate
77337-73-6,CASRN,DTXSID6047529,"1-Propanesulfonic acid, 3-(acetylamino)-, calcium salt (2:1)"
775304-57-9,CASRN,DTXSID5046776,Ataluren
7773-01-5,CASRN,DTXSID9040681,Manganese dichloride
7783-00-8,CASRN,DTXSID9024300,Selenious acid
77883-43-3,CASRN,DTXSID5045598,Doxazosin mesylate
78-11-5,CASRN,DTXSID2023430,Pentaerythritol tetranitrate
78-44-4,CASRN,DTXSID8024733,Carisoprodol
78110-38-0,CASRN,DTXSID0022640,Aztreonam
78281-72-8,CASRN,DTXSID0048638,Nepafenac
78919-13-8,CASRN,DTXSID2041046,Iloprost
79-01-6,CASRN,DTXSID0021383,Trichloroethylene
79-43-6,CASRN,DTXSID2020428,Dichloroacetic acid
79307-93-0,CASRN,DTXSID2045945,Azelastine hydrochloride
79350-37-1,CASRN,DTXSID7022754,Cefixime
79547-78-7,CASRN,DTXSID9045508,Levocabastine hydrochloride
79559-97-0,CASRN,DTXSID1040243,Sertraline hydrochloride
797-63-7,CASRN,DTXSID3036496,Levonorgestrel
79794-75-5,CASRN,DTXSID2023224,Loratadine
79902-63-9,CASRN,DTXSID0023581,Simvastatin
80-08-0,CASRN,DTXSID4020371,Dapsone
80-35-3,CASRN,DTXSID5023611,Sulfamethoxypyridazine
80214-83-1,CASRN,DTXSID8041117,Roxithromycin
8025-81-8,CASRN,DTXSID6045402,Spiramycin
80474-14-2,CASRN,DTXSID8045511,Fluticasone propionate
80621-81-4,CASRN,DTXSID7045998,Rifaximin
8067-24-1,CASRN,DTXSID5031428,Dihydroergotoxine mesylate
81103-11-9,CASRN,DTXSID3022829,Clarithromycin
81110-73-8,Integrated Source CAS-RN - WARNING: Synonym mapped to two or more chemicals,DTXSID40861036,Ecadotril
81110-73-8,CASRN - WARNING: Synonym mapped to two or more chemicals,DTXSID8045513,Racecadotril
81131-70-6,CASRN,DTXSID6047525,Pravastatin sodium
81403-68-1,CASRN,DTXSID3045514,Alfuzosin hydrochloride
81409-90-7,CASRN,DTXSID6022719,Cabergoline
81872-10-8,CASRN,DTXSID0046640,Zofenopril
82-66-6,CASRN,DTXSID4032378,Diphacinone
82034-46-6,CASRN,DTXSID2046468,Loteprednol etabonate
82159-09-9,CASRN,DTXSID1046479,Epalrestat
82248-59-7,CASRN,DTXSID2044266,Atomoxetine hydrochloride
82410-32-0,CASRN,DTXSID8041032,Ganciclovir
82419-36-1,CASRN,DTXSID3041085,Ofloxacin
82586-52-5,CASRN,DTXSID7044267,Moexipril hydrochloride
82586-55-8,CASRN,DTXSID3021221,Quinapril hydrochloride
82640-04-8,CASRN,DTXSID1034181,Raloxifene hydrochloride
82752-99-6,CASRN,DTXSID8046088,Nefazodone hydrochloride
83-12-5,CASRN,DTXSID5023453,Phenindione
83-43-2,CASRN,DTXSID7023300,Methylprednisolone
83480-29-9,CASRN,DTXSID2021442,Voglibose
83905-01-5,CASRN,DTXSID8030760,Azithromycin
83915-83-7,CASRN,DTXSID2045600,Lisinopril dihydrate
84-02-6,CASRN,DTXSID1049015,Prochlorperazine dimaleate salt
84-36-6,CASRN,DTXSID9023629,Syrosingopine
84057-84-1,CASRN,DTXSID2023195,Lamotrigine
84371-65-3,CASRN,DTXSID5023322,Mifepristone
84485-00-7,CASRN,DTXSID4045927,Sibutramine hydrochloride
846-49-1,CASRN,DTXSID7023225,Lorazepam
846-50-4,CASRN,DTXSID8021309,Temazepam
84625-61-6,CASRN,DTXSID3023180,Itraconazole
85-73-4,CASRN,DTXSID8023470,Phthalylsulfathiazole
85371-64-8,CASRN,DTXSID4045682,Pinacidil monohydrate
85622-93-1,CASRN,DTXSID5043714,Temozolomide
86386-73-4,CASRN,DTXSID3020627,Fluconazole
86541-74-4,CASRN,DTXSID9045922,Benazepril hydrochloride
87233-62-3,CASRN,DTXSID2046911,Emedastine difumarate
87239-81-4,CASRN,DTXSID1022766,Cefpodoxime proxetil
87333-19-5,CASRN,DTXSID8023551,Ramipril
87679-37-6,CASRN,DTXSID2023692,Trandolapril
88069-67-4,CASRN,DTXSID1046639,Pilsicainide
88495-63-0,CASRN,DTXSID3042681,Artesunate
88889-14-9,CASRN,DTXSID7046621,Fosinopril sodium
89-57-6,CASRN,DTXSID5024506,5-Aminosalicylic acid
894-71-3,CASRN,DTXSID2045109,Nortriptyline hydrochloride
89778-27-8,CASRN,DTXSID2021367,Toremifene citrate
89796-99-6,CASRN,DTXSID7045522,Aceclofenac
90-22-2,CASRN,DTXSID5049027,Diethylmethyl(2-3-methyl-2-phenylvaleryloxy)-ethyl)ammonium bromide
9002-96-4,CASRN,DTXSID1048623,Tocophersolan
90357-06-5,CASRN - WARNING: Synonym mapped to two or more chemicals,DTXSID2022678,Bicalutamide
90357-06-5,Integrated Source CAS-RN - WARNING: Synonym mapped to two or more chemicals,DTXSID70861120,(S)-Bicalutamide
91832-40-5,CASRN,DTXSID8046084,Cefdinir
92-31-9,CASRN,DTXSID9048728,Tolonium chloride
93-14-1,CASRN,DTXSID5023114,Guaifenesin
93107-08-5,CASRN,DTXSID1047788,Ciprofloxacin hydrochloride
93479-97-1,CASRN,DTXSID5040675,Glimepiride
93957-55-2,CASRN,DTXSID3044758,Fluvastatin sodium
94-20-2,CASRN,DTXSID9020322,Chlorpropamide
94-36-0,CASRN,DTXSID6024591,Benzoyl peroxide
94749-08-3,CASRN,DTXSID1045798,Salmeterol xinafoate
94841-17-5,CASRN,DTXSID6044272,Spirapril hydrochloride
95233-18-4,CASRN,DTXSID7022629,Atovaquone
95635-55-5,CASRN,DTXSID3045196,Ranolazine
959-24-0,CASRN,DTXSID8021278,Sotalol hydrochloride
96829-58-2,CASRN,DTXSID8023395,Orlistat
97-18-7,CASRN,DTXSID9021342,Bithionol
97-77-8,CASRN,DTXSID1021322,Tetraethylthiuram disulfide
97240-79-4,CASRN,DTXSID8023688,Topiramate
97322-87-7,CASRN,DTXSID8023719,Troglitazone
979-32-8,CASRN,DTXSID8023004,Estradiol valerate
98-96-4,CASRN,DTXSID9021215,Pyrazinamide
98079-52-8,CASRN,DTXSID2045527,Lomefloxacin hydrochloride
98319-26-7,CASRN,DTXSID3020625,Finasteride
98418-47-4,CASRN,DTXSID9048726,Metoprolol succinate
99-66-1,CASRN,DTXSID6023733,Valproic acid
99011-02-6,CASRN,DTXSID7041047,Imiquimod
99300-78-4,CASRN,DTXSID8047397,Venlafaxine hydrochloride
99592-39-9,CASRN,DTXSID2045529,Sertaconazole nitrate
99614-02-5,CASRN,DTXSID8023393,Ondansetron
